"ID","ObjType","Effort","FunctPercent","IntComplx","DataFile","DataEn","DataOut","UFP","Lang","Tools","ToolExpr","AppExpr","TeamSize","DBMS","Method","AppType"

101,FT,2.5,'0.00,0.80,0.10,0.10,0.00,0.00,0.00',5.0,18.0,94.0,NULL,NULL,sql,mySQLweb,'[2,60]',4,[1],mysql,NULL,BC/S
102,FT,2.5,'0.00,0.70,0.00,0.10,0.10,0.10,0.00',5.0,9.0,240.0,NULL,NULL,sql,mySQLweb,'[2,60]',4,[1],mysql,NULL,BC/S
114,FT,2,'0.10,0.30,0.10,0.30,0.00,0.00,0.20',2.0,9.0,15.0,0.0,0.0,'html,_php,_sql,_proprietary','notepad,_webforms','[2,_60]',4,[1],mysql,'SA,SD',BC/S
115,FT,2,'0.10,0.30,0.10,0.30,0.00,0.00,0.20',2.0,9.0,15.0,0.0,0.0,'html,_php,_sql,_proprietary','notepad,_webforms','[2,_60]',4,[1],mysql,'SA,SD',BC/S
116,FT,3.5,'0.10,0.30,0.10,0.30,0.00,0.00,0.20',2.0,9.0,15.0,0.0,0.0,'html,_php,_sql,_proprietary','notepad,_webforms','[2,_60]',5,[1],mysql,'SA,SD',BC/S
117,FT,2,'0.10,0.30,0.10,0.30,0.00,0.00,0.20',1.0,7.0,90.0,0.0,0.0,'html,_php,_sql,_proprietary','notepad,_webforms','[2,60]',4,[1],mysql,'SA,SD',BC/S
118,FT,2,'0.10,0.30,0.10,0.30,0.00,0.00,0.20',2.0,9.0,90.0,0.0,0.0,'html,_php,_sql,_proprietary','notepad,_webforms','[2,_60]',5,[1],mysql,'SA,SD',BC/S
119,FT,2,'0.10,0.30,0.10,0.30,0.00,0.00,0.20',2.0,9.0,90.0,0.0,0.0,'html,_php,_sql,_proprietary','notepad,_webforms','[2,_60]',5,[1],mysql,'SA,SD',BC/S
120,FT,16,'0.10,0.30,0.10,0.30,0.00,0.00,0.20',5.0,12.0,314.0,0.0,0.0,'php,_sql',notepad,'[2,_60]',5,[1],mysql,None,BC/S
202,FT,1,'0.20,_0.16,_0.04,_0.54,_0.00,_0.03,_0.03',2.0,2.0,1.0,1.0,2.0,'Html,_JavaScript',Vim,'[5,10]',2,'[1,2]',NULL,SA,B/S
204,FT,2,'0.11,_0.34,_0.25,_0.15,_0.00,_0.02,_0.08',1.0,2.0,4.0,1.0,0.0,'Php,_Html,_Sql,_JavaScript','Vim,_Emacs,_Microsoft_visual_studio','[1,10]',1,'[2,3]',Oracle,3_Tier_Architecture,BC/S
206,FT,1,'0.11,_0.34,_0.25,_0.15,_0.00,_0.02,_0.08',1.0,2.0,4.0,1.0,0.0,'Php,_Html,_Sql,_JavaScript','Vim,_Emacs,_Microsoft_visual_studio','[1,10]',1,'[2,3]',Oracle,3_Tier_Architecture,BC/S
208,FT,5,'0.16,_0.39,_0.07,_0.28,_0.00,_0.06,_0.04',4.0,2.0,3.0,1.0,0.0,'Php,_Html,_Sql,_JavaScript','Vim,_Emacs,_Microsoft_visual_studio','[1,10]',3,'[1,2]',Oracle,3_Tier_Architecture,BC/S
210,FT,2,'0.16,_0.39,_0.07,_0.28,_0.00,_0.06,_0.04',1.0,2.0,1.0,1.0,0.0,'Php,_Html,_Sql,_JavaScript','Vim,_Emacs,_Microsoft_visual_studio','[1,10]',2,'[1,2]',Oracle,3_Tier_Architecture,BC/S
211,FT,2,'0.16,_0.39,_0.07,_0.28,_0.00,_0.06,_0.04',1.0,2.0,1.0,1.0,0.0,'Php,_Html,_Sql,_JavaScript','Vim,_Emacs,_Microsoft_visual_studio','[1,10]',2,'[1,2]',Oracle,3_Tier_Architecture,BC/S
212,FT,3,'0.16,_0.39,_0.07,_0.28,_0.00,_0.06,_0.04',1.0,2.0,1.0,1.0,0.0,'Php,_Html,_Sql,_JavaScript','Vim,_Emacs,_Microsoft_visual_studio','[1,10]',3,'[2,3]',Oracle,3_Tier_Architecture,BC/S
214,FT,7,'0.15,_0.30,_0.07,_0.38,_0.00,_0.06,_0.04',2.0,5.0,2.0,2.0,0.0,'Php,_Html,_Sql,_JavaScript','Vim,_Emacs,_Microsoft_visual_studio','[1,10]',2,'[2,3]',Oracle,3_Tier_Architecture,BC/S
218,FT,1,'0.25,_0.25,_0.25,_0.25,_0.00,_0.00,_0.00',1.0,2.0,2.0,1.0,0.0,'Php,_Html,_Sql,_JavaScript','Vim,_Emacs,_Microsoft_visual_studio','[1,10]',2,'[1,2]',Oracle,3_Tier_Architecture,BC/S
219,FT,1,'0.25,_0.25,_0.25,_0.25,_0.00,_0.00,_0.00',1.0,2.0,2.0,1.0,0.0,'Php,_Html,_Sql,_JavaScript','Vim,_Emacs,_Microsoft_visual_studio','[1,10]',2,'[1,2]',Oracle,3_Tier_Architecture,BC/S
220,FT,1,'0.25,_0.25,_0.25,_0.25,_0.00,_0.00,_0.00',1.0,4.0,4.0,1.0,0.0,'Php,_Html,_Sql,_JavaScript','Vim,_Emacs,_Microsoft_visual_studio','[1,10]',2,'[1,2]',Oracle,3_Tier_Architecture,BC/S
222,FT,1,'0.25,_0.25,_0.25,_0.25,_0.00,_0.00,_0.00',1.0,2.0,2.0,1.0,0.0,'Php,_Html,_Sql,_JavaScript','Vim,_Emacs,_Microsoft_visual_studio','[1,10]',1,'[1,2]',Oracle,3_Tier_Architecture,BC/S
223,FT,1,'0.25,_0.25,_0.25,_0.25,_0.00,_0.00,_0.00',1.0,2.0,2.0,1.0,0.0,'Php,_Html,_Sql,_JavaScript','Vim,_Emacs,_Microsoft_visual_studio','[1,10]',2,'[1,2]',Oracle,3_Tier_Architecture,BC/S
224,FT,1,'0.25,_0.25,_0.25,_0.25,_0.00,_0.00,_0.00',1.0,2.0,2.0,1.0,0.0,'Php,_Html,_Sql,_JavaScript','Vim,_Emacs,_Microsoft_visual_studio','[1,10]',2,'[1,2]',Oracle,3_Tier_Architecture,BC/S
225,FT,1,'0.25,_0.25,_0.25,_0.25,_0.00,_0.00,_0.00',1.0,4.0,4.0,1.0,0.0,'Php,_Html,_Sql,_JavaScript','Vim,_Emacs,_Microsoft_visual_studio','[1,10]',2,'[1,2]',Oracle,3_Tier_Architecture,BC/S
230,FT,1,'0.25,_0.25,_0.25,_0.25,_0.00,_0.00,_0.00',1.0,2.0,2.0,1.0,0.0,'Php,_Html,_Sql,_JavaScript','Vim,_Emacs,_Microsoft_visual_studio','[1,10]',2,'[2,3]',Oracle,3_Tier_Architecture,BC/S
231,FT,1,'0.25,_0.25,_0.25,_0.25,_0.00,_0.00,_0.00',1.0,2.0,2.0,1.0,0.0,'Php,_Html,_Sql,_JavaScript','Vim,_Emacs,_Microsoft_visual_studio','[1,10]',1,'[1,2]',Oracle,3_Tier_Architecture,BC/S
232,FT,1,'0.25,_0.25,_0.25,_0.25,_0.00,_0.00,_0.00',1.0,2.0,4.0,1.0,0.0,'Php,_Html,_Sql,_JavaScript','Vim,_Emacs,_Microsoft_visual_studio','[1,10]',1,'[1,2]',Oracle,3_Tier_Architecture,BC/S
234,FT,1,'0.25,_0.25,_0.25,_0.25,_0.00,_0.00,_0.00',1.0,2.0,2.0,1.0,0.0,'Php,_Html,_Sql,_JavaScript','Vim,_Emacs,_Microsoft_visual_studio','[1,10]',1,'[1,2]',Oracle,3_Tier_Architecture,BC/S
235,FT,1,'0.25,_0.25,_0.25,_0.25,_0.00,_0.00,_0.00',1.0,2.0,2.0,1.0,0.0,'Php,_Html,_Sql,_JavaScript','Vim,_Emacs,_Microsoft_visual_studio','[1,10]',1,'[1,2]',Oracle,3_Tier_Architecture,BC/S
236,FT,1,'0.25,_0.25,_0.25,_0.25,_0.00,_0.00,_0.00',1.0,2.0,1.0,1.0,0.0,'Php,_Html,_Sql,_JavaScript','Vim,_Emacs,_Microsoft_visual_studio','[1,10]',1,'[1,2]',Oracle,3_Tier_Architecture,BC/S
237,FT,1,'0.25,_0.25,_0.25,_0.25,_0.00,_0.00,_0.00',1.0,2.0,2.0,1.0,0.0,'Php,_Html,_Sql,_JavaScript','Vim,_Emacs,_Microsoft_visual_studio','[1,10]',1,'[1,2]',Oracle,3_Tier_Architecture,BC/S
239,FT,1,'0.25,_0.25,_0.25,_0.25,_0.00,_0.00,_0.00',1.0,2.0,4.0,1.0,0.0,'Php,_Html,_Sql,_JavaScript','Vim,_Emacs,_Microsoft_visual_studio','[1,10]',1,'[1,2]',Oracle,3_Tier_Architecture,BC/S
241,FT,1,'0.50,_0.29,_0.11,_0.10,_0.00,_0.00,_0.00',1.0,2.0,2.0,1.0,0.0,'Php,_Html,_Sql,_JavaScript','Vim,_Emacs,_Microsoft_visual_studio','[1,10]',1,'[1,2]',Oracle,3_Tier_Architecture,BC/S
242,FT,1,'0.45,_0.29,_0.13,_0.12,_0.00,_0.00,_0.00',1.0,2.0,2.0,1.0,0.0,'Php,_Html,_Sql,_JavaScript','Vim,_Emacs,_Microsoft_visual_studio','[1,10]',1,'[1,2]',Oracle,3_Tier_Architecture,BC/S
243,FT,1,'0.43,_0.31,_0.13,_0.12,_0.00,_0.00,_0.00',1.0,2.0,1.0,1.0,0.0,'Php,_Html,_Sql,_JavaScript','Vim,_Emacs,_Microsoft_visual_studio','[1,10]',1,'[1,2]',Oracle,3_Tier_Architecture,BC/S
245,FT,1,'0.25,_0.25,_0.25,_0.25,_0.00,_0.00,_0.00',1.0,2.0,1.0,1.0,0.0,'Php,_Html,_Sql,_JavaScript','Vim,_Emacs,_Microsoft_visual_studio','[1,10]',1,'[1,2]',Oracle,3_Tier_Architecture,BC/S
246,FT,1,'0.50,_0.29,_0.11,_0.10,_0.00,_0.00,_0.00',1.0,2.0,3.0,1.0,3.0,'Php,_Html,_Sql,_JavaScript','Vim,_Emacs,_Microsoft_visual_studio','[1,10]',1,'[1,2]',Oracle,3_Tier_Architecture,BC/S
247,FT,1,'0.45,_0.29,_0.13,_0.12,_0.00,_0.00,_0.00',1.0,2.0,2.0,1.0,3.0,'Php,_Html,_Sql,_JavaScript','Vim,_Emacs,_Microsoft_visual_studio','[1,10]',1,'[1,2]',Oracle,3_Tier_Architecture,BC/S
248,FT,1,'0.10,_0.32,_0.23,_0.21,_0.00,_0.00,_0.14',5.0,3.0,1.0,1.0,0.0,'Php,_Html,_Sql,_JavaScript','Vim,_Emacs,_Microsoft_visual_studio','[1,10]',1,'[1,2]',Oracle,3_Tier_Architecture,BC/S
250,FT,1,'0.25,_0.25,_0.25,_0.25,_0.00,_0.00,_0.00',1.0,2.0,1.0,1.0,0.0,'Php,_Html,_Sql,_JavaScript','Vim,_Emacs,_Microsoft_visual_studio','[1,10]',1,'[1,2]',Oracle,3_Tier_Architecture,BC/S
251,FT,1,'0.50,_0.29,_0.11,_0.10,_0.00,_0.00,_0.00',1.0,2.0,3.0,1.0,3.0,'Php,_Html,_Sql,_JavaScript','Vim,_Emacs,_Microsoft_visual_studio','[1,10]',1,'[1,2]',Oracle,3_Tier_Architecture,BC/S
252,FT,1,'0.45,_0.29,_0.13,_0.12,_0.00,_0.00,_0.00',1.0,2.0,2.0,1.0,3.0,'Php,_Html,_Sql,_JavaScript','Vim,_Emacs,_Microsoft_visual_studio','[1,10]',1,'[1,2]',Oracle,3_Tier_Architecture,BC/S
253,FT,1,'0.10,_0.32,_0.23,_0.21,_0.00,_0.00,_0.14',5.0,4.0,1.0,1.0,0.0,'Php,_Html,_Sql,_JavaScript','Vim,_Emacs,_Microsoft_visual_studio','[1,10]',5,'[2,3]',Oracle,3_Tier_Architecture,BC/S
254,FT,1,'0.25,_0.25,_0.25,_0.25,_0.00,_0.00,_0.00',1.0,2.0,1.0,1.0,0.0,'Php,_Html,_Sql,_JavaScript','Vim,_Emacs,_Microsoft_visual_studio','[1,10]',2,'[2,3]',Oracle,3_Tier_Architecture,BC/S
255,FT,1,'0.25,_0.25,_0.25,_0.25,_0.00,_0.00,_0.00',1.0,4.0,1.0,1.0,0.0,'Php,_Html,_Sql,_JavaScript','Vim,_Emacs,_Microsoft_visual_studio','[1,10]',2,'[2,3]',Oracle,3_Tier_Architecture,BC/S
256,FT,1,'0.45,_0.29,_0.11,_0.15,_0.00,_0.00,_0.00',4.0,4.0,6.0,1.0,4.0,'Php,_Html,_Sql,_JavaScript','Vim,_Emacs,_Microsoft_visual_studio','[1,10]',4,'[2,3]',Oracle,3_Tier_Architecture,BC/S
257,FT,1,'0.25,_0.25,_0.25,_0.25,_0.00,_0.00,_0.00',1.0,4.0,4.0,1.0,0.0,'Php,_Html,_Sql,_JavaScript','Vim,_Emacs,_Microsoft_visual_studio','[1,10]',3,'[2,3]',Oracle,3_Tier_Architecture,BC/S
258,FT,1,'0.25,_0.25,_0.25,_0.25,_0.00,_0.00,_0.00',2.0,4.0,2.0,1.0,0.0,'Php,_Html,_Sql,_JavaScript','Vim,_Emacs,_Microsoft_visual_studio','[1,10]',3,'[2,3]',Oracle,3_Tier_Architecture,BC/S
306,FT,40,'0.2,_0.0,_0.3,_0.4,_0.0,_0.0,_0.1',3.0,3.0,2.0,1.0,50.0,'C#,_ASP.Net_SQL','Visual_Studio.Net_2003,_Microsoft_SQL_Server_Enterprise_Manager/Query_Analyzer',[0],2,'[3,5]',SQLServer,NULL,NULL
307,FT,40,'0.1,_0.8,_0.05,_0.05,_0.0,_0.0,_0.0',2.0,3.0,1.0,1.0,46.0,'C#,_ASP.Net_SQL','Visual_Studio.Net_2003,_Microsoft_SQL_Server_Enterprise_Manager/Query_Analyzer',[0],2,'[3,5]',SQLServer,NULL,NULL
308,FT,20,'0.0,_0.4,_0.6,_0.0,_0.0,_0.0,_0.0',3.0,1.0,2.0,4.0,66.0,'C#,_ASP.Net_SQL','Visual_Studio.Net_2003,_Microsoft_SQL_Server_Enterprise_Manager/Query_Analyzer','[0,_48]',2,[1],SQLServer,NULL,C/S
309,FT,20,'0.0,_0.0,_0.0,_0.0,_0.0,_0.0,_1.0',3.0,2.0,1.0,2.0,48.0,'C#,_ASP.Net_SQL','Visual_Studio.Net_2003,_Microsoft_SQL_Server_Enterprise_Manager/Query_Analyzer','[0,_48]',2,[1],SQLServer,NULL,C/S
310,FT,10,'0.0,_0.3,_0.4,_0.2,_0.0,_0.1,_0.0',2.0,2.0,1.0,1.0,36.0,'C#,_ASP.Net_SQL','Visual_Studio.Net_2003,_Microsoft_SQL_Server_Enterprise_Manager/Query_Analyzer',[0],2,[1],SQLServer,NULL,NULL
312,FT,20,'0.2,_0.2,_0.3,_0.3,_0.0,_0.0,_0.0',4.0,2.0,3.0,1.0,44.0,'C#,_ASP.Net_SQL','Visual_Studio.Net_2003,_Microsoft_SQL_Server_Enterprise_Manager/Query_Analyzer',[0],2,'[2,_4]',SQLServer,NULL,C
402,FT,8,'0.20,_0.10,_0.30,_0.30,_0.05,_0.05',2.0,7.0,3.0,2.0,14.0,'PHP,_SQL,_SH','Pico,_MySQLDump','[5,_100]',2,'[1,1]',MySQL,OO,B/S
403,FT,3,'0.20,_0.30,_0.20,_0.30',3.0,2.0,2.0,1.0,8.0,'PHP,_SQL','Dreamweaver,_Rapid_PHP,_Eclipse,_PHPMyAdmin','[4,24]',4,'[1,1]',MySQL,OO,B/S
404,FT,3,'0.40,_0.20,_0.10,_0.30,_0,_,',2.0,2.0,3.0,1.0,10.0,'PHP,_SQL','Dreamweaver,_Rapid_PHP,_Eclipse,_PHPMyAdmin','[2,5]',1,'[1,1]',MySQL,OO,B/S
509,FT,6,'0.10,_0.20,_0.00,_0.30,_0.00,_0.10,_0.30',2.0,12.0,0.0,0.0,10.0,NULL,NULL,NULL,1,'[2,2]',NULL,NULL,S
510,FT,10,'0.10,_0.15,_0.15,_0.30,_0.10,_0.10,_0.10',4.0,1.0,20.0,20.0,20.0,NULL,NULL,NULL,1,'[2,2]',NULL,NULL,S
511,FT,6,'0.20,_0.25,_0.20,_0.10,_0.10,_0.10,_0.00',3.0,5.0,20.0,5.0,25.0,'HTML,_PHP,_SQL','ConText,_Jedit','[2,12]',2,'[1,2]',NULL,NULL,C/S
512,FT,12,'0.10,_0.05,_0.25,_0.30,_0.10,_0.20,_0.00',4.0,11.0,60.0,50.0,35.0,'HTML,_PHP,_SQL','ConTEXT,_Jedit,_myAdmin','[2,12]',1,'[3,4]',NULL,NULL,C/S
513,FT,8,'0.15,_0.25,_0.05,_0.20,_0.15,_0.15,_0.05',1.0,4.0,30.0,12.0,20.0,'HTML,_PHP,_SQL',ConTEXT,'[0,12]',3,'[1,2]',NULL,NULL,C/S
601,FT,0.5,'0,_0,_1,_0,_0,_0,_0',1.0,0.0,0.0,0.0,1.0,'PHP,_HTML','Microsoft_Visual,_Emacs,_VIM,_Notepad','[40,60]',5,[1],NULL,Imperative,BC/S
603,FT,1,'0,_0,_1,_0,_0,_0,_0',1.0,0.0,0.0,0.0,1.0,'PHP,_HTML',Dreamweaver,'[0,_60]',4,'[1,2]',NULL,Imperative,BC/S
622,FT,24,1.0,2.0,3.0,2.0,1.0,6.0,'PHP,_MySql,_HTML',Dreamweaver,'[0,_60]',1,[1],MySQL,Imperative,BC/S
715,FT,0.5,'0.0,_0.0,_0.2,_0.2,_0.3,_0.1,_0.2',1.0,2.0,2.0,0.0,4.0,PHP,Notepad,'[0,12]',4,'[1,2]',Oracle,OO,B/S
716,FT,0.5,'0.2,_0.2,_0.2,_0.1,_0.1,_0.1,_0.1',1.0,2.0,2.0,0.0,4.0,PHP,Notepad,'[0,12]',4,'[1,2]',Oracle,OO,B/S
717,FT,0.5,'0.05,_0.1,_0.2,_0.05,_0.2,_0.2,_0.2',1.0,2.0,1.0,0.0,4.0,PHP,Notepad,'[0,12]',4,'[1,2]',Oracle,OO,B/S
718,FT,0.5,'0.15,_0.15,_0.3,_0.1,_0.1,_0.2,_0.2',1.0,2.0,0.0,2.0,6.0,PHP,Notepad,'[0,12]',4,'[1,2]',Oracle,OO,B/S
801,FT,24,'0,_.3,_.3,_.4,_0,_0,_0',3.0,0.0,15.0,1.0,49.0,PHP,Emacs,'[0,_12]',4,'[2,_3]',MySQL,oo,BC/S
802,FT,8,'0,_.3,_.3,_.4,_0,_0,_0',2.0,0.0,5.0,1.0,19.0,PHP,Emacs,'[0,_12]',4,'[1,_3]',MySQL,oo,BC/S
803,FT,20,'0,_.3,_.3,_.4,_0,_0,_0',3.0,0.0,20.0,1.0,64.0,PHP,Emacs,'[0,_12]',4,'[2,_3]',MySQL,oo,BC/S
804,FT,4,'0,_.4,_.3,_.3,_0,_0,_0',2.0,0.0,17.0,1.0,55.0,PHP,Emacs,'[0,_12]',4,'[1,_2]',MySQL,oo,BC/S
805,FT,30,'0,_.4,_.6,_0,_0,_0,_0',4.0,0.0,10.0,0.0,30.0,HTML,Emacs,'[0,_12]',4,'[2,_4]',NULL,oo,B
810,FT,8,'0,_.3,_.3,_.4,_0,_0,_0',3.0,0.0,7.0,1.0,25.0,PHP,Emacs,'[0,_12]',4,'[1,_2]',MySQL,oo,BC/S
920,FT,5,'0.0,_0.5,_0.0,_0.5,_0.0,_0.0,_0.0',3.0,0.0,45.0,0.0,180.0,SQL,SQL,'[0,24]',5,'[1,2]',Oracle,NULL,NULL
201,PJ,75,NULL,4.0,75.0,48.0,76.0,190.0,'Php,_Html,_Sql,_JavaScript','Vim,_Emacs,_IE,_Mozilla,_Paint,_Gimp,_Word,_Adobe','[1,10]',4,'[4,6]',Oracle,3_Tier_Architecture,BC/S
301,PJ,220,'0.2,_0.2,_0.3,_0.2,_0.0,_0.1,_0.0',3.0,13.0,12.0,6.0,250.0,'C#,_ASP.Net_SQL','Visual_Studio.Net_2003,_Microsoft_SQL_Server_Enterprise_Manager/Query_Analyzer','[0,_48]',2,'[0,10]',SQLServer,'OO,_Bottom-Up','3-Tier,_B/S'
401,PJ,400,NULL,3.0,7.0,83.0,69.0,1085.0,'PHP,_SQL,_HTML','Eclipse,_MySQL,_PHPMyAdmin,_Dreamweaver,_Rapid_PHP,_Unix,_Visual_Studio_.NET','[0,60]',3,'[10,10]',MySQL,OO,B/S
501,PJ,100,NULL,3.0,12.0,150.0,200.0,510.0,'HTML,_PHP,_SQL','ConTEXT,_myAdmin,_DreamWeaver,_JEdit','[0,24]',2,'[9,9]',MySQL,JAD,C/S
723,PJ,70,'0.15,_0.2,_0.1,_0.15,_0.2,_0.2',2.0,5.0,36.0,34.0,210.0,PHP,'Notepad,MS_Word','[0,2]',4,'[6,12]',Oracle,OO,B/S
901,PJ,69,'0.10,_0.25,_0.25,_0.25,_0.05,_0.10,_0.00',3.0,12.0,186.0,108.0,1714.0,'HTML,_PHP,_Javascript,_SQL','Dreamweaver,_Emacs,_PHPUnit,_Photoshop,_FrontPage,_Oracle','[2,_12]',3,'[10,_10]',Oracle,OO,C/S
103,RQ,2.5,'0.10,0.30,0.30,0.20,0.00,0.00,0.10',3.0,5.0,4.0,2.0,10.0,'html,_php,_sql,_proprietary','notepad,_webforms','[2,_60]',5,[1],mysql,'SA,SD',BC/S
104,RQ,2.5,'0.10,0.30,0.30,0.20,0.00,0.00,0.10',3.0,5.0,4.0,2.0,10.0,'html,_php,_sql,_proprietary','notepad,_webforms','[2,_60]',5,[1],mysql,'SA,SD',BC/S
105,RQ,2,'0.15,_0.05,_0.1,_0.35,_0.1,_0.2,_0.05',3.0,4.0,0.0,9.0,10.0,'html,_php,_sql,_proprietary','notepad,_webforms','[2,_60]',5,[1],mysql,'SA,SD',BC/S
106,RQ,1.5,'0.05,_0.3,_0.2,_0.2,_0.05,_0.15,_0.05',3.0,3.0,7.0,4.0,11.0,'html,_php,_sql,_proprietary','notepad,_webforms','[2,_60]',5,[1],mysql,'SA,SD',BC/S
107,RQ,2,'0.10,0.30,0.05,0.35,0.00,0.00,0.00',2.0,3.0,3.0,2.0,4.0,'html,_php,_sql,_proprietary','notepad,_webforms','[2,_60]',5,[1],mysql,'SA,SD',BC/S
108,RQ,2.5,'0.10,0.30,0.30,0.20,0.00,0.00,0.10',4.0,6.0,6.0,2.0,5.0,'html,_php,_sql,_proprietary','notepad,_webforms','[2,_60]',5,[1],mysql,'SA,SD',BC/S
109,RQ,2.5,'0.05,_0.3,_0.2,_0.2,_0.05,_0.15,_0.05',3.0,4.0,4.0,4.0,2.0,'html,_php,_sql,_proprietary','notepad,_webforms','[2,_60]',5,[1],mysql,'SA,SD',BC/S
110,RQ,2,'0.10,0.30,0.10,0.30,0.00,0.00,0.20',1.0,9.0,15.0,0.0,0.0,'html,_php,_sql,_proprietary','notepad,_webforms','[2,_60]',5,[1],mysql,'SA,SD',BC/S
111,RQ,1,'0.10,0.30,0.10,0.30,0.00,0.00,0.20',1.0,9.0,15.0,0.0,0.0,'html,_php,_sql,_proprietary','notepad,_webforms','[2,_60]',5,[1],mysql,'SA,SD',BC/S
112,RQ,1,'0.10,0.30,0.10,0.30,0.00,0.00,0.20',1.0,9.0,15.0,0.0,0.0,'html,_php,_sql,_proprietary','notepad,_webforms','[2,_60]',5,[1],mysql,'SA,SD',BC/S
113,RQ,0.5,'0.10,0.30,0.10,0.30,0.00,0.00,0.20',1.0,9.0,15.0,0.0,0.0,'html,_php,_sql,_proprietary','notepad,_webforms','[2,_60]',5,[1],mysql,'SA,SD',BC/S
203,RQ,7,'0.13,_0.42,_0.10,_0.15,_0.00,_0.06,_0.04',3.0,8.0,1.0,1.0,14.0,'Php,_Html,_Sql,_JavaScript','Vim,_Emacs,_Microsoft_visual_studio','[1,10]',3,'[2,3]',Oracle,3_Tier_Architecture,BC/S
205,RQ,5,'0.16,_0.39,_0.07,_0.28,_0.00,_0.06,_0.04',3.0,8.0,4.0,1.0,14.0,'Php,_Html,_Sql,_JavaScript','Vim,_Emacs,_Microsoft_visual_studio','[1,10]',3,'[2,3]',Oracle,3_Tier_Architecture,BC/S
207,RQ,15,'0.10,_0.34,_0.26,_0.18,_0.00,_0.02,_0.05',3.0,3.0,1.0,1.0,6.0,'Php,_Html,_Sql,_JavaScript','Vim,_Emacs,_Microsoft_visual_studio','[1,10]',3,'[1,2]',Oracle,3_Tier_Architecture,BC/S
209,RQ,2,'0.10,_0.34,_0.26,_0.18,_0.00,_0.02,_0.05',3.0,2.0,3.0,1.0,4.0,'Php,_Html,_Sql,_JavaScript','Vim,_Emacs,_Microsoft_visual_studio','[1,10]',2,'[1,2]',Oracle,3_Tier_Architecture,BC/S
213,RQ,8,'0.21,_0.21,_0.10,_0.30,_0.00,_0.05,_0.02',3.0,3.0,2.0,1.0,8.0,'Php,_Html,_Sql,_JavaScript','Vim,_Emacs,_Microsoft_visual_studio','[1,10]',2,'[1,2]',Oracle,3_Tier_Architecture,BC/S
215,RQ,2,'0.35,_0.15,_0.18,_0.22,_0.02,_0.07,_0.01',1.0,2.0,1.0,1.0,7.0,'Php,_Html,_Sql,_JavaScript','Vim,_Emacs,_Microsoft_visual_studio','[1,10]',1,'[1,2]',Oracle,3_Tier_Architecture,C/S
216,RQ,2,'0.36,_0.06,_0.26,_0.25,_0.04,_0.05,_0.02',1.0,2.0,1.0,1.0,7.0,'Php,_Html,_Sql,_JavaScript','Vim,_Emacs,_Microsoft_visual_studio','[1,10]',1,'[1,2]',Oracle,3_Tier_Architecture,C/S
217,RQ,11,'0.43,_0.17,_0.26,_0.10,_0.00,_0.00,_0.04',4.0,5.0,9.0,1.0,8.0,'Php,_Html,_Sql,_JavaScript','Vim,_Emacs,_Microsoft_visual_studio','[1,10]',3,'[2,3]',Oracle,3_Tier_Architecture,BC/S
221,RQ,11,'0.43,_0.17,_0.26,_0.10,_0.00,_0.00,_0.04',4.0,5.0,11.0,1.0,8.0,'Php,_Html,_Sql,_JavaScript','Vim,_Emacs,_Microsoft_visual_studio','[1,10]',3,'[2,3]',Oracle,3_Tier_Architecture,BC/S
226,RQ,5,'0.21,_0.34,_0.06,_0.19,_0.03,_0.01,_0.07',2.0,3.0,2.0,6.0,7.0,'Php,_Html,_Sql,_JavaScript','Vim,_Emacs,_Microsoft_visual_studio','[1,10]',2,'[1,2]',Oracle,3_Tier_Architecture,C/S
227,RQ,3,'0.21,_0.34,_0.06,_0.19,_0.03,_0.01,_0.07',2.0,3.0,2.0,6.0,8.0,'Php,_Html,_Sql,_JavaScript','Vim,_Emacs,_Microsoft_visual_studio','[1,10]',2,'[1,2]',Oracle,3_Tier_Architecture,C/S
228,RQ,3,'0.21,_0.34,_0.06,_0.19,_0.03,_0.01,_0.07',3.0,4.0,1.0,4.0,7.0,'Php,_Html,_Sql,_JavaScript','Vim,_Emacs,_Microsoft_visual_studio','[1,10]',2,'[1,2]',Oracle,3_Tier_Architecture,C/S
229,RQ,2,'0.31,_0.39,_0.10,_0.20,_0.00,_0.00,_0.00',3.0,3.0,9.0,1.0,8.0,'Php,_Html,_Sql,_JavaScript','Vim,_Emacs,_Microsoft_visual_studio','[1,10]',3,'[2,3]',Oracle,3_Tier_Architecture,BC/S
233,RQ,2,'0.31,_0.39,_0.10,_0.20,_0.00,_0.00,_0.00',3.0,3.0,11.0,1.0,5.0,'Php,_Html,_Sql,_JavaScript','Vim,_Emacs,_Microsoft_visual_studio','[1,10]',3,'[2,3]',Oracle,3_Tier_Architecture,BC/S
238,RQ,2,'0.32,_0.19,_0.14,_0.25,_0.05,_0.03,_0.02',2.0,2.0,4.0,1.0,5.0,'Php,_Html,_Sql,_JavaScript','Vim,_Emacs,_Microsoft_visual_studio','[1,10]',3,'[2,3]',Oracle,3_Tier_Architecture,BC/S
240,RQ,2,'0.32,_0.19,_0.14,_0.25,_0.05,_0.03,_0.02',3.0,2.0,4.0,1.0,5.0,'Php,_Html,_Sql,_JavaScript','Vim,_Emacs,_Microsoft_visual_studio','[1,10]',2,'[2,3]',Oracle,3_Tier_Architecture,BC/S
244,RQ,3,'0.36,_0.24,_0.35,_0.05,_0.00,_0.00,_0.00',2.0,3.0,1.0,5.0,17.0,'Php,_Html,_Sql,_JavaScript','Vim,_Emacs,_Microsoft_visual_studio','[1,10]',2,'[2,3]',Oracle,3_Tier_Architecture,C/S
249,RQ,20,'0.37,_0.29,_0.23,_0.11,_0.00,_0.00,_0.00',5.0,4.0,10.0,3.0,27.0,'Php,_Html,_Sql,_JavaScript','Vim,_Emacs,_Microsoft_visual_studio','[1,10]',5,'[2,3]',Oracle,3_Tier_Architecture,BC/S
259,RQ,5,'0.45,_0.29,_0.11,_0.15,_0.00,_0.00,_0.00',3.0,8.0,2.0,2.0,5.0,'Php,_Html,_Sql,_JavaScript','Vim,_Emacs,_Microsoft_visual_studio','[1,10]',3,'[3,4]',Oracle,3_Tier_Architecture,C/S
260,RQ,1,'0.10,_0.16,_0.52,_0.07,_0.00,_0.10,_0.04',1.0,1.0,1.0,1.0,0.0,'Php,_Html,_JavaScript','Vim,_Emacs,_Microsoft_visual_studio,_Adobe','[1,10]',1,'[1,2]',Oracle,SA,C/S
261,RQ,1,'0.05,_0.10,_0.42,_0.23,_0.00,_0.10,_0.10',1.0,2.0,1.0,5.0,2.0,'Php,_Html,_Sql,_JavaScript','Vim,_Emacs,_Microsoft_visual_studio','[1,10]',2,'[1,2]',Oracle,3_Tier_Architecture,C/S
262,RQ,1,'0.10,_0.16,_0.52,_0.07,_0.00,_0.10,_0.04',1.0,1.0,1.0,8.0,0.0,'Php,_Html,_JavaScript','Vim,_Emacs,_Microsoft_visual_studio','[1,10]',1,'[1,2]',Oracle,SA,C/S
302,RQ,20,'0.4,_0.3,_0.25,_0.05,_0.0,_0.0,_0.0',5.0,1.0,3.0,1.0,34.0,'C#,_ASP.Net_SQL','Visual_Studio.Net_2003,_Microsoft_SQL_Server_Enterprise_Manager/Query_Analyzer',[0],2,'[1,3]',SQLServer,NULL,NULL
303,RQ,10,'0.25,_0.10,_0.25,_0.3,_0.0,_0.1,_0.0',2.0,2.0,1.0,1.0,36.0,'C#,_ASP.Net_SQL','Visual_Studio.Net_2003,_Microsoft_SQL_Server_Enterprise_Manager/Query_Analyzer','[0,24]',2,'[1,3]',SQLServer,NULL,NULL
304,RQ,30,'0.25,_0.0,_0.25,_0.25,_0.0,_0.25,_0',4.0,13.0,3.0,1.0,154.0,'C#,_ASP.Net_SQL','Visual_Studio.Net_2003,_Microsoft_SQL_Server_Enterprise_Manager/Query_Analyzer','[12,24]',2,'[1,_2]',SQLServer,NULL,NULL
305,RQ,10,'0.3,_0.3,_0.1,_0.2,_0.0,_0.0,_0.1',2.0,1.0,2.0,0.0,18.0,'C#,_ASP.Net_SQL','Visual_Studio.Net_2003,_Microsoft_SQL_Server_Enterprise_Manager/Query_Analyzer',[0],2,[1],SQLServer,NULL,NULL
406,RQ,20,'0.20,_0.25,0.20,.15,_.12,_0,_.08',3.5,6.0,52.0,7.0,321.0,'PHP,_SQL,_JavaScript','Dreamweaver,_Rapid_PHP,_Eclipse,_PHPMyAdmin','[12,36]',3.5,'[1,1]',MySQL,OO,B/S
407,RQ,15,'0.20,_0.25,_0.15,_0.30,_0,_0,_0.10',2.5,3.0,4.0,1.0,14.0,'PHP,_SQL','Dreamweaver,_Rapid_PHP,_Eclipse,_PHPMyAdmin','[2,5]',1,'[1,1]',MySQL,OO,B/S
408,RQ,20,'0.25,_0.20,_0.15,_0.40',3.5,4.0,5.0,10.0,30.0,'PHP,_SQL','Dreamweaver,_Rapid_PHP,_Eclipse,_PHPMyAdmin','[2,5]',1,'[1,1]',MySQL,OO,B/S
409,RQ,20,'0.15,_0.25,_0.15,_0.40,_0,0,0.05',3.5,2.0,3.0,1.0,14.0,'PHP,_SQL','Dreamweaver,_Rapid_PHP,_Eclipse,_PHPMyAdmin','[2,5]',1,'[1,2]',MySQL,OO,B/S
410,RQ,15,'0.25,_0.20,_0.15,_0.40',3.5,2.0,30.0,18.0,90.0,'PHP,_SQL','Dreamweaver,_Rapid_PHP,_Eclipse,_PHPMyAdmin','[2,5]',2,'[1,1]',MySQL,OO,B
411,RQ,15,'0.30,_0.15,_0.15,_0.20,_0,_0.20',4.0,2.0,25.0,16.0,75.0,'PHP,SQL,JavaScript','Eclipse,_PHPMyAdmin','[0,_4]',1,'[1,2]',MySQL,OO,BS
412,RQ,40,'0.25,0.25,0.25,0.20,0,0,0.10',4.5,5.0,7.0,5.0,30.0,'PHP,SQL,JavaScript','Eclipse,_PHPMyAdmin','[3,5]',1,'[1,1]',MySQL,OO,B/S
413,RQ,3,'0.20,0.25,0.20,0.25,0,0,0.10',2.0,2.0,3.0,2.0,10.0,'PHP,SQL,JavaScript','Eclipse,_PHPMyAdmin','[3,5]',1,'[1,2]',MySQL,OO,B/S
414,RQ,15,'0.30,_0.15,_0.15,_0.20,_0,_0.20',4.0,2.0,25.0,16.0,75.0,'PHP,SQL,JavaScript','Eclipse,_PHPMyAdmin','[0,_4]',1,'[1,2]',MySQL,OO,BS
415,RQ,20,'0.15,_0.25,_0.15,_0.40,_0,0,0.05',3.0,2.0,3.0,1.0,14.0,'PHP,_SQL','Dreamweaver,_Rapid_PHP,_Eclipse,_PHPMyAdmin','[2,5]',1,'[1,2]',MySQL,OO,B/S
502,RQ,10,'0.05,_0.35,_0.05,_0.20,_0.05,_0.25,_0.05',4.0,4.0,25.0,12.0,50.0,'HTML,_PHP,_SQL','ConTEXT,_myAdmin','[2,12]',4,'[1,2]',NULL,NULL,C/S
503,RQ,6,'0.10,_0.10,_0.15,_0.20,_0.25,_0.15,_0.10',2.0,2.0,20.0,10.0,60.0,'HTML,_PHP,_SQL','ConTEXT,_myAdmin','[2,12]',2,'[1,2]',NULL,NULL,C/S
504,RQ,8,'0.15,_0.30,_0.10,_0.20,_0.05,_0.15,_0.05',3.0,1.0,14.0,8.0,40.0,'HTML,_PHP,_SQL','ConTEXT,_myAdmin','[2,12]',3,'[1,2]',NULL,NULL,C/S
505,RQ,8,'0.10,_0.30,_0.40,_0.05,_0.05,_0.05,_0.05',3.0,1.0,8.0,10.0,35.0,'HTML,_PHP,_SQL','ConTEXT,_myAdmin','[2,12]',3,'[1,2]',NULL,NULL,C/S
506,RQ,12,'0.40,_0.05,_0.05,_0.05,_0.05,_0.35,_0.05',4.0,12.0,2.0,20.0,95.0,'HTML,_PHP,_SQL','ConTEXT,_myAdmin','[2,12]',1,'[3,4]',NULL,NULL,C/S
507,RQ,10,'0.05,_0.15,_0.20,_0.20,_0.05,_0.05,_0.00',2.0,2.0,4.0,10.0,30.0,'HTML,_PHP,_SQL','ConTEXT,_myAdmin','[2,12]',2,'[1,2]',NULL,NULL,C/S
508,RQ,8,'0.00,_0.00,_0.20,_0.00,_0.00,_0.30,_0.50',2.0,3.0,1.0,1.0,5.0,HTML,'Jedit,_DreamWeaver','[0,24]',4,'[3,3]',NULL,NULL,BC
602,RQ,2,'0,_0,_1,_0,_0,_0,_0',1.0,0.0,0.0,0.0,1.0,'PHP,_HTML',Dreamweaver,'[0,_60]',4,[1],NULL,Imperative,BC/S
604,RQ,1,'0,_0,_0.9,_0.1,_0,_0,_0',1.0,1.0,0.0,0.0,2.0,'PHP,_HTML','Microsoft_Visual,_Emacs,_VIM,_Notepad','[40,60]',5,'[1,2]',MySQL,Imperative,BC/S
605,RQ,1.5,'0,_0,_1,_0,_0,_0,_0',1.0,0.0,0.0,0.0,1.0,'PHP,_HTML','Microsoft_Visual,_Emacs,_VIM,_Notepad','[40,60]',5,[1],NULL,Imperative,BC/S
606,RQ,25,'0.15,_0.1,_0.3,_0.45,_0,_0,_0',5.0,3.0,17.0,17.0,29.0,'PHP,_HTML,_CSS','Microsoft_Visual,_Emacs,_VIM,_Notepad','[40,60]',5,'[1,5]',MySQL,Imperative,BC/S
607,RQ,9,'0.15,_0.1,_0.3,_0.45,_0,_0,_0',5.0,3.0,17.0,17.0,29.0,'PHP,_HTML,_CSS','Microsoft_Visual,_Emacs,_VIM,_Notepad','[40,60]',5,'[1,5]',MySQL,Imperative,BC/S
608,RQ,15,'0,_0.2,_0.4,_0.4,_0,_0,_0',4.0,1.0,5.0,2.0,10.0,'PHP,_HTML,_CSS','Microsoft_Visual,_Emacs,_VIM,_Notepad','[40,60]',5,'[1,5]',MySQL,Imperative,BC/S
609,RQ,2,'0.15,_0.1,_0.3,_0.45,_0,_0,_0',3.0,3.0,17.0,17.0,23.0,'PHP,_HTML','Microsoft_Visual,_Emacs,_VIM,_Notepad','[40,60]',5,'[1,5]',MySQL,Imperative,BC/S
610,RQ,5,'0.65,_0,_0,_0.05,_0,_0.3,_0,_0',3.0,0.0,3.0,3.0,4.0,'PHP,_HTML,_JavaScript','Microsoft_Visual,_Emacs,_VIM,_Notepad','[40,60]',2,'[1,1]',NULL,Imperative,B/C
611,RQ,45,'0.15,_0.1,_0.3,_0.35,_0,_0,_0.1',5.0,2.0,2.0,1.0,4.0,'PHP,_HTML,_CSS','Microsoft_Visual,_Emacs,_VIM,_Notepad','[40,60]',5,'[1,3]',MySQL,Imperative,BC/S
612,RQ,35,'0.2,_0.2,_0.3,_0.3,_0,_0,_0',4.0,3.0,11.0,1.0,19.0,'PHP,_HTML,_CSS','Microsoft_Visual,_Emacs,_VIM,_Notepad','[40,60]',5,'[1,3]',MySQL,Imperative,BC/S
613,RQ,50,'0.1,_0.4,_0.4,_0.1,_0,_0,_0',5.0,3.0,4.0,4.0,14.0,'PHP,_HTML,_JavaScript','Microsoft_Visual,_Emacs,_VIM,_Notepad','[40,60]',5,'[1,1]',MySQL,Imperative,BC/S
614,RQ,25,'0.15,_0.35,_0.35,_0.15,_0,_0,_0',5.0,2.0,2.0,2.0,5.0,'PHP,_HTML,_JavaScript','Microsoft_Visual,_Emacs,_VIM,_Notepad','[40,60]',5,'[1,1]',MySQL,Imperative,BC/S
615,RQ,35,'0.2,_0.4,_0.3,_0.1,_0,_0,_0',5.0,1.0,3.0,3.0,10.0,'PHP,_HTML,_JavaScript','Microsoft_Visual,_Emacs,_VIM,_Notepad','[40,60]',5,'[1,1]',MySQL,Imperative,BC/S
616,RQ,20,'0.1,_0.4,_0.4,_0.1,_0,_0,_0',4.0,2.0,2.0,2.0,7.0,'PHP,_HTML,_JavaScript','Microsoft_Visual,_Emacs,_VIM,_Notepad','[40,60]',5,'[1,1]',MySQL,Imperative,BC/S
617,RQ,25,'0.15,_0.3,_0.4,_0.15,_0,_0,_0',3.0,3.0,9.0,4.0,20.0,'PHP,_HTML,_JavaScript','Microsoft_Visual,_Emacs,_VIM,_Notepad','[40,60]',5,'[1,1]',MySQL,Imperative,BC/S
618,RQ,10,1.0,3.0,3.0,1.0,1.0,6.0,'PHP,_MySql,_HTML',Dreamweaver,'[0,_60]',4,'[1,_2]',MySQL,Imperative,BC/S
619,RQ,33,1.0,2.0,3.0,2.0,1.0,6.0,'PHP,_MySql,_HTML',Dreamweaver,'[0,_60]',4,[1],MySQL,Imperative,BC/S
620,RQ,24,1.0,4.0,3.0,8.0,1.0,14.0,'PHP,_MySql,_HTML',Dreamweaver,'[0,_60]',4,[1],MySQL,Imperative,BC/S
621,RQ,36,1.0,4.0,3.0,9.0,1.0,15.0,'PHP,_MySql,_HTML',Dreamweaver,'[0,_60]',4,'[2,_3]',MySQL,Imperative,BC/S
701,RQ,1,'0.1,_0.5,_0.1,_0.1,_0.0,_0.1,_0.1',1.0,1.0,1.0,0.0,6.0,PHP,Notepad,'[0,12]',4,'[2,3]',Oracle,OO,B/S
702,RQ,1,'0.2,_0.1,_0.05,_0.15,_0.2,_0.1,_0.2',1.0,1.0,2.0,0.0,4.0,PHP,Notepad,'[0,12]',4,'[2,3]',Oracle,OO,B/S
703,RQ,1,'0.15,_0.5,_0.05,_0.15,_0.2,_0.2,_0.2',4.0,0.0,4.0,2.0,4.0,PHP,Notepad,'[0,12]',4,'[1,2]',Oracle,'SA,_SD',B/S
704,RQ,2,'0.1,_0.1,_0.4,_0.2,_0.05,_0.05,_0.1',3.0,2.0,4.0,10.0,32.0,PHP,Notepad,'[0,12]',4,'[2,3]',Oracle,OO,B/S
705,RQ,2,'0.2,_0.2,_0.2,_0.1,_0.1,_0.1,_0.1',3.0,3.0,12.0,4.0,31.0,PHP,Notepad,'[0,12]',4,'[2,3]',Oracle,OO,B/S
706,RQ,2,'0.25,_0.25,_0.05,_0.05,_0.1,_0.2,_0.1',5.0,4.0,9.0,6.0,26.0,PHP,Notepad,'[0,12]',4,'[2,3]',Oracle,OO,B/S
707,RQ,1,'0.1,_0.5,_0.1,_0.1,_0.0,_0.1,_0.1',2.0,1.0,9.0,9.0,23.0,PHP,Notepad,'[0,12]',4,'[2,3]',Oracle,OO,B/S
708,RQ,1,'0.15,_0.5,_0.05,_0.15,_0.2,_0.2,_0.2',1.0,1.0,9.0,9.0,37.0,PHP,Notepad,'[0,12]',4,'[2,3]',Oracle,OO,B/S
709,RQ,1,'0.2,_0.1,_0.05,_0.15,_0.2,_0.1,_0.2',1.0,1.0,12.0,0.0,18.0,PHP,Notepad,'[0,12]',4,'[2,3]',Oracle,OO,B/S
710,RQ,1,'0.15,_0.15,_0.3,_0.2,_0.1,_0.2,_0.1',2.0,1.0,1.0,0.0,20.0,PHP,Notepad,'[0,12]',4,'[2,3]',Oracle,OO,B/S
711,RQ,1,'0.05,_0.2,_0.1,_0.05,_0.1,_0.3,_0.2',2.0,1.0,12.0,0.0,36.0,PHP,Notepad,'[0,12]',4,'[2,3]',Oracle,OO,B/S
712,RQ,1,'0.2,_0.3,_0.1,_0.2,_0.05,_0.05,_0.1',3.0,2.0,1.0,0.0,4.0,PHP,Notepad,'[0,12]',4,'[1,2]',Oracle,OO,B/S
713,RQ,1,'0.1,_0.1,_0.4,_0.2,_0.05,_0.05,_0.1',3.0,2.0,1.0,0.0,4.0,PHP,Notepad,'[0,12]',4,'[1,2]',Oracle,OO,B/S
714,RQ,1,'0.3,_0.0,_0.2,_0.1,_0.0,_0.2,_0.2',2.0,2.0,10.0,0.0,12.0,PHP,Notepad,'[0,12]',4,'[2,3]',Oracle,OO,B/S
719,RQ,1,'0.15,_0.5,_0.05,_0.15,_0.2,_0.2,_0.2',2.0,2.0,10.0,10.0,10.0,PHP,Notepad,'[0,12]',4,'[2,3]',Oracle,OO,B/S
720,RQ,1,'0.1,_0.1,_0.4,_0.2,_0.05,_0.05,_0.1',3.0,1.0,12.0,12.0,10.0,PHP,Notepad,'[0,12]',4,'[2,3]',Oracle,OO,B/S
721,RQ,0.5,'0.1,_0.5,_0.1,_0.1,_0.0,_0.1,_0.1',1.0,0.0,0.0,0.0,6.0,PHP,Notepad,'[0,12]',4,'[1,2]',Oracle,'SA,_SD',B/S
722,RQ,0.5,'0.2,_0.1,_0.05,_0.15,_0.2,_0.1,_0.2',1.0,0.0,0.0,12.0,8.0,PHP,Notepad,'[0,12]',4,'[1,2]',Oracle,'SA,_SD',B/S
806,RQ,8,'0,_0,_0,_1,_0,_0,_0',NULL,NULL,NULL,NULL,NULL,MySQL,MySQL,'[0,_12]',4,'[2,_3]',MySQL,NULL,S
807,RQ,6,'0,_.3,_.3,_.4,_0,_0,_0',2.0,0.0,4.0,1.0,16.0,PHP,Emacs,'[0,_12]',4,'[1,_2]',MySQL,oo,BC/S
808,RQ,6,'0,_.3,_.3,_.4,_0,_0,_0',2.0,0.0,5.0,1.0,19.0,PHP,Emacs,'[0,_12]',4,'[1,_2]',MySQL,oo,BC/S
809,RQ,4,'0,_.3,_.3,_.4,_0,_0,_0',4.0,0.0,5.0,1.0,19.0,PHP,Emacs,'[0,_12]',4,'[1,_2]',MySQL,oo,BC/S
811,RQ,1,'0,_.3,_.3,_.4,_0,_0,_0',2.0,0.0,1.0,1.0,7.0,PHP,Emacs,'[0,_12]',4,'[1,_1]',MySQL,oo,BC/S
812,RQ,4,'.4,_.3,_.3,_0,_0,_0,_0',1.0,1.0,3.0,0.0,16.0,javascript,Emacs,'[0,_3]',1,'[1,_1]',NULL,oo,C
813,RQ,6,'0,_0,_.6,_.4,_0,_0,_0',2.0,0.0,1.0,0.0,3.0,PHP,Emacs,'[0,_12]',4,'[1,_2]',MySQL,oo,BC/S
814,RQ,12,'.2,_0,_.6,_.2,_0,_0,_0',4.0,32.0,0.0,0.0,224.0,PHP,PHPunit,'[0,_0]',1,'[2,_3]',NULL,oo,C/S
815,RQ,6,'.2,_0,_.6,_.2,_0,_0,_0',3.0,NULL,NULL,NULL,NULL,HTML,NULL,NULL,1,'[2,_3]',NULL,NULL,BC/S
816,RQ,6,'0,_0,_1,_0,_0,_0,_0',1.0,1.0,10.0,0.0,7.0,HTML,Emacs,'[0,_12]',5,'[1,_2]',NULL,NULL,BC/S
817,RQ,4,'0,_.3,_.3,_.4,_0,_0,_0',2.0,0.0,6.0,1.0,22.0,PHP,Emacs,'[0,_12]',4,'[1,_2]',MySQL,oo,BC/S
818,RQ,4,'0,_.3,_.3,_.4,_0,_0,_0',2.0,0.0,6.0,1.0,22.0,PHP,Emacs,'[0,_12]',4,'[1,_2]',MySQL,oo,BC/S
902,RQ,7,'0.10,_0.50,_0.10,_0.15,_0.05,_0.05,_0.05',2.0,3.0,50.0,1.0,235.0,'HTML,_PHP,_SQL','Emacs,_Frontpage,_PHPUnit','[5,_12]',3,'[2,_10]',Oracle,OO,C/S
903,RQ,2,'0.1,_0.3,_0.05,_0.4,_0.05,_0.05,_0.05',2.0,1.0,3.0,1.0,27.0,'HTML,_PHP,_SQL','Dreamweaver,_PHPUnit,_Emacs','[5,12]',3,'[2,3]',Oracle,OO,C/S
904,RQ,3,'0.1,_0.35,_0.1,_0.35,_0.05,_0.05,_0',3.0,3.0,6.0,1.0,59.0,'HTML,_PHP,_SQL','Dreamweaver,_PHPUnit,_Emacs','[5,12]',3,'[2,3]',Oracle,OO,C/S
905,RQ,3,'0.1,_0.4,_0.4,_0.1,_0.0,_0.0,_0.0',2.0,1.0,2.0,1.0,23.0,'PHP,_HTML,_SQL','Dreamwaver,_Frontpage,_PHPUnit,_Emacs','[5,_12]',3,'[1,_2]',Oracle,OO,BC/S
906,RQ,4,'0.4,_0.2,_0.1,_0.2,_0.1,_0.0',2.0,3.0,13.0,13.0,147.0,'PHP,_HTML,_SQL','Dreamwaver,_Frontpage,_PHPUnit,_Emacs','[5,_12]',3,'[1,_2]',Oracle,OO,BC/S
907,RQ,5,'0.5,_0.1,_0.1,_0.2,_0.1,_0.0',3.0,4.0,12.0,13.0,153.0,'HTML,_PHP,_Oracle','Dreamweaver,_Frontpage,_PHPUnit,_Emacs','[5,_12]',3,'[2,_4]',Oracle,OO,C/S
908,RQ,6,'0.4,_0.2,_0.1,_0.2,_0.1,_0.0',4.0,4.0,14.0,14.0,166.0,'HTML,_PHP,_Oracle','Dreamweaver,_Frontpage,_PHPUnit,_Emacs','[5,_12]',3,'[2,_7]',Oracle,OO,C/S
909,RQ,2,'0.1,_0.4,_0.4,_0.1,_0.0,_0.0,_0.0',2.0,2.0,13.0,13.0,137.0,'HTML,_PHP,_SQL','Dreamweaver,_Emacs,_PHPUnit','[5,_12]',3,'[1,_2]',Oracle,OO,BC/S
910,RQ,6,'0.2,_0.1,_0.4,_0.3,_0.0,_0.0,_0.0',3.0,2.0,2.0,1.0,33.0,'HTML,_PHP,_SQL','Dreamweaver,_Emacs,_PHPUnit','[5,_12]',3,'[1,_2]',Oracle,OO,BC/S
911,RQ,2,'0.40,_0.20,_0.10_0.10_0.05_0.10_0.05',2.0,1.0,4.0,1.0,31.0,'HTML,_PHP,_Javascript,_SQL','Dreamweaver,_Emacs,_PHPUnit,_FrontPage','[2,_12]',3,'[2,_10]',Oracle,OO,C/S
912,RQ,1,'0.2,_0.1,_0.4,_0.3,_0.0,_0.0,_0.0',1.0,1.0,4.0,4.0,46.0,'HTML,_PHP,_Javascript,_SQL','Dreamweaver,_Emacs,_PHPUnit,_FrontPage','[2,_12]',3,'[0,_10]',Oracle,OO,C/S
913,RQ,4,'0.10,_0.30,_0.10,_0.35,_0.05,_0.05,_0.05',3.0,2.0,4.0,4.0,56.0,'PHP,_HTML,SQL','Dreamweaver,_Emacs,_PHPUnit,_FrontPage','[0,_5]',3,'[1,2]',Oracle,OO,BC/S
914,RQ,4,'0.10,_0.30,_0.10,_0.40,_0.5,_0.03,_0.02',4.0,3.0,3.0,3.0,57.0,'PHP,_HTML,SQL','Dreamweaver,_Emacs,_PHPUnit,_FrontPage','[0,5]',3,'[1,3]',Oracle,OO,BC/S
915,RQ,3,'0.1,_0.3,_0.4,_0.15,_0.05,_0.05,_0',3.0,2.0,4.0,8.0,76.0,'HTML,_PHP,_SQL','Dreamweaver,_PHPUnit,_Emacs','[5,12]',3,'[2,3]',Oracle,OO,C/S
916,RQ,2,'0.4,_0.05,_0.05,_0.4,_0.05,_0.05,_0',1.0,2.0,1.0,1.0,29.0,'HTML,_PHP,_SQL','Dreamweaver,_PHPUnit,_Emacs','[5,12]',3,'[2,3]',Oracle,OO,C/S
917,RQ,5,'0.5,_0.1,_0.1,_0.2,_0.1,_0.0',3.0,3.0,6.0,10.0,104.0,'HTML,_PHP,_SQL','Dreamweaver,_PHPUnit,_Emacs','[5,12]',3,'[2,3]',Oracle,OO,C/S
918,RQ,3,'0.4,_0.2,_0.1,_0.2,_0.1,_0.0',2.0,1.0,0.0,8.0,50.0,'HTML,_PHP,_SQL','Dreamweaver,_PHPUnit,_Emacs','[5,12]',3,'[2,3]',Oracle,OO,C/S
919,RQ,2,'0.05,_0.0,_0.3,_0.4,_0.1,_0.05,_0.1',1.0,5.0,0.0,11.0,105.0,'HTML,_PHP','Notepad,_Dreamweaver,_Emacs','[3,_12]',2,'[1,2]',Oracle,OO,B/S
